Area,Total_Restaurants,Avg_Dinner_Rating,Avg_Cost,Delivery_Available,Veg_Only
Electronic City,673,3.6,277.64,670,23
Marathahalli,484,3.55,300.83,483,30
HSR,457,3.73,312.58,456,33
Whitefield,447,3.66,337.02,447,30
BTM,397,3.64,257.81,396,22
Indiranagar,292,3.87,479.97,292,33
JP Nagar,292,3.74,355.31,291,24
Sarjapur Road,284,3.68,330.11,283,21
Rajajinagar,237,3.61,301.27,237,20
New BEL Road,231,3.68,334.63,230,13
Banashankari,216,3.54,259.72,216,20
Jayanagar,214,3.67,372.66,214,18
Kalyan Nagar,209,3.73,395.22,209,16
Bellandur,199,3.56,296.98,199,14
Bannerghatta Road,194,3.52,312.16,194,11
Brookefield,181,3.68,320.99,181,7
Kammanahalli,157,3.61,314.33,156,8
Bommanahalli,154,3.47,274.68,154,3
Malleshwaram,128,3.7,310.94,128,35
Basavanagudi,127,3.5,276.38,127,25
Vijay Nagar,123,3.56,285.37,123,7
Yeshwantpur,121,3.45,281.82,120,8
Koramangala 5th Block,119,3.93,424.79,119,9
Banaswadi,107,3.43,305.14,107,9
Frazer Town,105,3.67,352.38,104,6
KR Puram,105,3.33,247.14,105,7
RT Nagar,96,3.51,247.08,96,9
Basaveshwara Nagar,87,3.56,297.7,87,3
Nagawara,87,3.31,274.71,86,7
Koramangala 1st Block,84,3.83,322.62,83,6
Bommasandra,78,3.43,346.15,78,6
Koramangala 7th Block,78,3.92,392.95,77,5
Jalahalli,73,3.46,270.55,73,4
Sanjay Nagar,71,3.48,279.58,71,6
Koramangala 6th Block,69,3.94,373.19,69,3
Hennur,68,3.61,352.94,67,4
ITPL Main Road,67,3.41,308.96,67,2
Varthur Main Road,64,3.72,313.28,64,5
Sahakara Nagar,63,3.77,373.81,63,1
Rammurthy Nagar,60,3.54,335.83,60,3
Kaggadasapura,59,3.52,253.39,59,7
Kumaraswamy Layout,59,3.52,249.15,59,3
Hebbal,58,3.36,285.34,58,5
HBR Layout,58,3.58,269.83,58,1
Old Airport Road,56,3.53,306.25,56,3
Jeevan Bhima Nagar,55,3.51,308.18,54,5
Brigade Road,53,3.59,356.6,53,3
Rajarajeshwari Nagar,52,3.67,413.46,52,3
Vasanth Nagar,49,3.63,303.06,49,2
Thippasandra,47,3.6,278.72,46,2
Domlur,45,3.62,318.89,45,3
Nagarbhavi,43,3.56,315.12,43,1
Majestic,42,3.54,364.29,42,8
Ulsoor,40,3.66,327.5,40,4
Koramangala 4th Block,38,3.88,455.26,38,0
Shivajinagar,38,3.29,268.42,38,3
Seshadripuram,36,3.63,386.11,36,7
Koramangala 8th Block,35,3.54,242.86,35,1
Kanakapura Road,34,3.44,329.41,34,2
Shanti Nagar,33,3.51,310.61,33,2
Kadubeesanahalli,31,3.49,225.81,31,0
Cunningham Road,30,3.74,500.0,30,2
City Market,26,3.63,228.85,26,3
CV Raman Nagar,26,3.44,350.0,26,1
Church Street,25,3.92,790.0,25,0
Uttarahalli,23,3.3,286.96,23,2
Hosur Road,23,3.06,247.83,23,1
Sadashiv Nagar,23,3.78,610.87,23,7
Ejipura,23,3.54,219.57,23,0
MG Road,22,3.79,675.0,22,3
Residency Road,21,3.95,611.9,21,4
Lavelle Road,19,3.86,805.26,19,3
Richmond Road,19,3.55,544.74,19,0
Wilson Garden,18,3.55,258.33,17,0
Peenya,18,3.44,341.67,18,0
Orion Mall,17,3.81,947.06,17,1
St. Marks Road,15,3.98,643.33,15,4
Commercial Street,15,3.61,323.33,15,6
Mantri Square,15,3.82,536.67,15,3
Forum Shantiniketan Mall,14,3.69,817.86,14,1
Jakkur,13,3.34,346.15,13,1
Yelahanka,13,3.55,300.0,13,1
Phoenix Marketcity Bangalore,12,3.69,770.83,12,2
Old Madras Road,12,3.52,312.5,12,0
Royal Meenakshi Mall,11,3.41,381.82,11,4
Vega City,10,3.31,465.0,10,4
RMZ Ecoworld,8,4.08,1137.5,8,0
Mysore Road,8,3.38,381.25,8,0
Koramangala 2nd Block,8,3.7,212.5,8,0
Forum Neighbourhood Mall,7,3.5,564.29,7,0
Magadi Road,7,3.5,342.86,7,0
UB City,7,4.07,1557.14,7,0
Ascendas Park Square,7,3.89,771.43,7,0
Forum Mall,6,4.22,916.67,6,1
Richmond Town,6,3.82,533.33,6,0
Brookefields Mall,6,4.02,708.33,6,1
Sankey Road,5,3.9,480.0,5,0
Svenska Design Hotel,5,3.66,1240.0,5,0
1 MG Road Mall,5,4.05,650.0,5,0
Garuda Mall,5,3.68,310.0,5,2
Race Course Road,4,4.15,575.0,4,2
Bangalore Central,3,3.4,600.0,3,1
Hesaraghatta,3,3.67,783.33,3,0
Radisson Blu,3,4.33,2633.33,3,0
Koramangala 3rd Block,3,3.65,233.33,3,2
Infantry Road,3,3.67,483.33,3,1
ITC Windsor,3,,366.67,3,0
VR Bengaluru,3,4.25,850.0,3,0
Gopalan Innovation Mall,3,4.1,766.67,3,0
Kemp Fort Mall,3,3.35,350.0,3,0
Windmills Craftworks,2,4.75,2150.0,2,0
Four Points by Sheraton Bengaluru Whitefield,2,3.8,1600.0,2,0
ITC Gardenia,2,4.2,2500.0,2,0
Inorbit Mall,2,3.5,550.0,2,0
Hotel Chalukya,2,3.5,700.0,2,1
Fairfield by Marriott,2,3.75,1325.0,2,0
Comfort Inn Insys,2,3.95,1250.0,2,0
Barton Centre,2,4.35,2150.0,2,0
Elements Mall,2,3.95,875.0,2,0
Coastal King,2,3.7,950.0,2,0
Aloft Hotel,2,3.8,1800.0,2,0
Virginia Mall,2,4.1,925.0,2,0
The Den,2,4.05,1300.0,2,0
Skywalk,2,3.7,450.0,2,0
Shangri-La Hotel,2,4.15,3500.0,2,0
Orion East,2,3.1,450.0,2,0
KBR Mall,2,3.65,525.0,2,0
Langford Town,2,3.3,175.0,2,0
Prestige Trade Tower,2,4.0,900.0,2,0
Gokulam Grand Hotel & Spa,2,3.95,1100.0,2,0
Aloft Bengaluru Cessna Business Park,1,3.1,700.0,1,0
153 Biere Street,1,4.1,800.0,1,0
Abhimaani Vasathi,1,3.1,900.0,1,0
5th Avenue,1,4.1,400.0,1,0
BluPetal Hotel,1,4.4,1200.0,1,0
Ashraya Hotel,1,3.0,1200.0,1,0
Eden Park Restaurants,1,4.0,200.0,1,0
DoubleTree Suites By Hilton,1,4.0,2700.0,1,0
Courtyard by Marriott Bengaluru,1,4.1,2000.0,1,0
Coraltree,1,3.9,1200.0,1,0
Chairman's Resort,1,2.8,1250.0,1,0
By The Way,1,2.9,400.0,1,0
Hotel Ramanashree,1,4.2,1200.0,1,0
Hilton Bangalore Embassy GolfLinks,1,4.2,3000.0,1,0
Gopalan Signature Mall,1,,100.0,1,0
Grand Mercure,1,3.8,2000.0,1,0
Gilly's Redefined,1,4.6,1700.0,1,0
Howard Johnson Bengaluru Hebbal,1,3.6,1800.0,1,0
Hotel Southern Star,1,4.2,1300.0,1,0
Hotel Bangalore International,1,3.5,1100.0,1,0
Garuda Swagath Mall,1,,250.0,1,0
Goldfinch Hotel,1,4.2,1200.0,1,0
La Marvella Hotel,1,4.1,1500.0,1,0
Krishna Kuteer,1,2.9,300.0,1,0
JW Marriott Bengaluru,1,4.5,2200.0,1,0
Palm Meadows Club,1,4.2,2000.0,1,0
Royal Orchid Suites,1,3.3,1200.0,1,0
Radha Regent Bengaluru,1,3.8,2000.0,1,0
Radha Hometel,1,2.9,1200.0,1,0
Sheraton Grand Bangalore Hotel at Brigade Gateway,1,4.4,3000.0,1,0
The Pride Hotel,1,3.6,1700.0,1,0
The President Hotel,1,4.2,1200.0,1,0
The Lalit Ashok Bangalore,1,3.9,3000.0,1,0
The Fern Residency,1,3.3,800.0,1,0
Tamarind Hospitality,1,4.0,800.0,1,0
Sigma Mall,1,3.8,500.0,1,0
Total Mall,1,2.9,400.0,1,0
WelcomHotel By ITC Hotels,1,,1000.0,1,0
